{
    "10": {
        "10": {
            "gurobi": {
                "resources": {
                    "cpu_percent": 0.35100000000000003,
                    "cpu_times": [
                        0.7927970819999998,
                        0.5500595259999997,
                        0.0,
                        0.0
                    ]
                },
                "result": {
                    "n_actors": 8.87,
                    "reduction": 0.21900000000000003,
                    "result_cons": 0.02,
                    "result_cost": 7.81,
                    "start_cost": 9.45,
                    "start_n_txs": 10.0
                },
                "was_cut": 0.0
            },
            "heuristics": {
                "resources": {
                    "cpu_percent": 0.11099999999999997,
                    "cpu_times": [
                        0.7935770869999997,
                        0.5517755369999997,
                        0.0,
                        0.0
                    ]
                },
                "result": {
                    "n_actors": 8.87,
                    "reduction": 0.213,
                    "result_cons": 0.0,
                    "result_cost": 7.87,
                    "start_cost": 9.45,
                    "start_n_txs": 10.0
                },
                "was_cut": 0.0
            }
        },
        "100": {
            "gurobi": {
                "resources": {
                    "cpu_percent": 0.24900000000000003,
                    "cpu_times": [
                        5.177673190000002,
                        1.556577978000001,
                        0.0,
                        0.0
                    ]
                },
                "result": {
                    "n_actors": 10.0,
                    "reduction": 0.9093000000000001,
                    "result_cons": 0.0,
                    "result_cost": 9.07,
                    "start_cost": 60.88,
                    "start_n_txs": 100.0
                },
                "was_cut": 0.0
            },
            "heuristics": {
                "resources": {
                    "cpu_percent": 0.11199999999999999,
                    "cpu_times": [
                        5.179077199000002,
                        1.5584499900000008,
                        0.0,
                        0.0
                    ]
                },
                "result": {
                    "n_actors": 10.0,
                    "reduction": 0.9063,
                    "result_cons": 0.0,
                    "result_cost": 9.37,
                    "start_cost": 60.88,
                    "start_n_txs": 100.0
                },
                "was_cut": 0.0
            }
        },
        "50": {
            "gurobi": {
                "resources": {
                    "cpu_percent": 0.37699999999999995,
                    "cpu_times": [
                        2.378235245000001,
                        1.0236785619999997,
                        0.0,
                        0.0
                    ]
                },
                "result": {
                    "n_actors": 10.0,
                    "reduction": 0.8172,
                    "result_cons": 0.02,
                    "result_cost": 9.14,
                    "start_cost": 38.23,
                    "start_n_txs": 50.0
                },
                "was_cut": 0.0
            },
            "heuristics": {
                "resources": {
                    "cpu_percent": 0.147,
                    "cpu_times": [
                        2.380107257000001,
                        1.0258625759999997,
                        0.0,
                        0.0
                    ]
                },
                "result": {
                    "n_actors": 10.0,
                    "reduction": 0.8109999999999999,
                    "result_cons": 0.0,
                    "result_cost": 9.45,
                    "start_cost": 38.23,
                    "start_n_txs": 50.0
                },
                "was_cut": 0.0
            }
        },
        "500": {
            "gurobi": {
                "resources": {
                    "cpu_percent": 0.302,
                    "cpu_times": [
                        9.493752857000002,
                        2.003520843,
                        0.0,
                        0.0
                    ]
                },
                "result": {
                    "n_actors": 10.0,
                    "reduction": 0.98198,
                    "result_cons": 0.0,
                    "result_cost": 9.01,
                    "start_cost": 89.64,
                    "start_n_txs": 500.0
                },
                "was_cut": 0.0
            },
            "heuristics": {
                "resources": {
                    "cpu_percent": 0.137,
                    "cpu_times": [
                        9.495624869000002,
                        2.005080853,
                        0.0,
                        0.0
                    ]
                },
                "result": {
                    "n_actors": 10.0,
                    "reduction": 0.9813200000000001,
                    "result_cons": 0.0,
                    "result_cost": 9.34,
                    "start_cost": 89.64,
                    "start_n_txs": 500.0
                },
                "was_cut": 0.0
            }
        }
    },
    "25": {
        "10": {
            "gurobi": {
                "resources": {
                    "cpu_percent": 0.214,
                    "cpu_times": [
                        14.918687631999994,
                        2.5687124659999996,
                        0.0,
                        0.0
                    ]
                },
                "result": {
                    "n_actors": 14.15,
                    "reduction": -0.08900000000000005,
                    "result_cons": 0.04,
                    "result_cost": 10.89,
                    "start_cost": 9.96,
                    "start_n_txs": 10.0
                },
                "was_cut": 0.0
            },
            "heuristics": {
                "resources": {
                    "cpu_percent": 0.11199999999999997,
                    "cpu_times": [
                        14.919155634999992,
                        2.5707404789999995,
                        0.0,
                        0.0
                    ]
                },
                "result": {
                    "n_actors": 14.15,
                    "reduction": 0.014000000000000058,
                    "result_cons": 0.0,
                    "result_cost": 9.86,
                    "start_cost": 9.96,
                    "start_n_txs": 10.0
                },
                "was_cut": 0.0
            }
        },
        "100": {
            "gurobi": {
                "resources": {
                    "cpu_percent": 0.19583333333333336,
                    "cpu_times": [
                        29.709090441666667,
                        3.7574574194444432,
                        0.0,
                        0.0
                    ]
                },
                "result": {
                    "n_actors": 25.0,
                    "reduction": 0.7540277777777777,
                    "result_cons": 0.16666666666666666,
                    "result_cost": 24.59722222222222,
                    "start_cost": 92.23611111111111,
                    "start_n_txs": 100.0
                },
                "was_cut": 0.28
            },
            "heuristics": {
                "resources": {
                    "cpu_percent": 0.05416666666666667,
                    "cpu_times": [
                        29.709090441666667,
                        3.759624099999998,
                        0.0,
                        0.0
                    ]
                },
                "result": {
                    "n_actors": 25.0,